{
  "$schema": "https://developer.microsoft.com/json-schemas/spfx-build/package-solution.schema.json",
  "solution": {
    "name": "xen-wp-committee-meetings-forms-client-side-solution",
    "id": "e381c7eb-5f99-4aa6-bf6e-df484a53e117",
    "version": "1.0.0.0",
    "includeClientSideAssets": true,
    "skipFeatureDeployment": true,
    "isDomainIsolated": false,
    "developer": {
      "name": "",
      "websiteUrl": "",
      "privacyUrl": "",
      "termsOfUseUrl": "",
      "mpnId": "Undefined-1.19.0"
    },
    "metadata": {
      "shortDescription": {
        "default": "XenWpCommitteeMeetingsForms description"
      },
      "longDescription": {
        "default": "XenWpCommitteeMeetingsForms description"
      },
      "screenshotPaths": [],
      "videoUrl": "",
      "categories": []
    },
    "features": [
      {
        "title": "xen-wp-committee-meetings-forms Feature",
        "description": "The feature that activates elements of the xen-wp-committee-meetings-forms solution.",
        "id": "9602cb19-cdd9-4b16-a7e8-cf7dda8fc655",
        "version": "1.0.0.0"
      }
    ]
  },
  "paths": {
    "zippedPackage": "solution/xen-wp-committee-meetings-forms.sppkg"
  }
}
