<?xml version="1.0" encoding="utf-8"?><App xmlns="http://schemas.microsoft.com/sharepoint/2012/app/manifest" Name="xen-wp-committee-meetings-forms-client-side-solution" ProductID="e381c7eb-5f99-4aa6-bf6e-df484a53e117" SharePointMinVersion="16.0.0.0" IsClientSideSolution="true" Version="1.0.0.0" SkipFeatureDeployment="true" IsDomainIsolated="false"><Properties><Title>xen-wp-committee-meetings-forms-client-side-solution</Title><DeveloperProperties>{&quot;name&quot;:&quot;&quot;,&quot;websiteUrl&quot;:&quot;&quot;,&quot;privacyUrl&quot;:&quot;&quot;,&quot;termsOfUseUrl&quot;:&quot;&quot;,&quot;mpnId&quot;:&quot;Undefined-1.19.0&quot;}</DeveloperProperties><ShortDescription><LocalizedString CultureName="default">XenWpCommitteeMeetingsForms description</LocalizedString></ShortDescription><LongDescription><LocalizedString CultureName="default">XenWpCommitteeMeetingsForms description</LocalizedString></LongDescription><Screenshots></Screenshots></Properties></App>