{
  "id": "52efe322-c910-4afd-b269-855f95963c52",
  "alias": "XenWpCommitteeMeetingsFormsWebPart",
  "componentType": "WebPart",
  "version": "0.0.1",
  "manifestVersion": 2,
  "requiresCustomScript": false,
  "supportedHosts": [
    "SharePointWebPart",
    "TeamsPersonalApp",
    "TeamsTab",
    "SharePointFullPage"
  ],
  "supportsThemeVariants": true,
  "preconfiguredEntries": [
    {
      "groupId": "5c03119e-3074-46fd-976b-c60198311f70",
      "group": {
        "default": "Advanced"
      },
      "title": {
        "default": "XenWpCommitteeMeetingsForms"
      },
      "description": {
        "default": "XenWpCommitteeMeetingsForms description"
      },
      "officeFabricIconFontName": "Page",
      "properties": {
        "description": "XenWpCommitteeMeetingsForms"
      }
    }
  ],
  "loaderConfig": {
    "internalModuleBaseUrls": [
      "<!-- PATH TO CDN -->"
    ],
    "entryModuleId": "xen-wp-committee-meetings-forms-web-part",
    "scriptResources": {
      "xen-wp-committee-meetings-forms-web-part": {
        "type": "path",
        "path": "xen-wp-committee-meetings-forms-web-part_d31cd62b3ff3269cb210.js"
      },
      "react": {
        "type": "component",
        "id": "0d910c1c-13b9-4e1c-9aa4-b008c5e42d7d",
        "version": "17.0.1"
      },
      "react-dom": {
        "type": "component",
        "id": "aa0a46ec-1505-43cd-a44a-93f3a5aa460a",
        "version": "17.0.1"
      },
      "@microsoft/sp-core-library": {
        "type": "component",
        "id": "7263c7d0-1d6a-45ec-8d85-d4d1d234171b",
        "version": "1.19.0"
      },
      "@microsoft/sp-property-pane": {
        "type": "component",
        "id": "f9e737b7-f0df-4597-ba8c-3060f82380db",
        "version": "1.19.0"
      },
      "@microsoft/sp-webpart-base": {
        "type": "component",
        "id": "974a7777-0990-4136-8fa6-95d80114c2e0",
        "version": "1.19.0"
      },
      "XenWpCommitteeMeetingsFormsWebPartStrings": {
        "type": "path",
        "path": "XenWpCommitteeMeetingsFormsWebPartStrings_en-us_eb42a517954fea904e022e89eb9f35e4.js"
      },
      "ControlStrings": {
        "type": "localizedPath",
        "paths": {
          "bg-BG": "ControlStrings_bg-bg_c842457ec58ee1603a25bb8151fe0c1c.js",
          "ca-ES": "ControlStrings_ca-es_3898d94c370783c2bc65069f969e8f52.js",
          "da-DK": "ControlStrings_da-dk_b42c01b08902cf7dfb053f7d887b8592.js",
          "de-DE": "ControlStrings_de-de_e351ab3848d2dbdac42c5cd4d3868141.js",
          "el-GR": "ControlStrings_el-gr_34b929b5ca3948c14ecd3118b3f3771f.js",
          "en-US": "ControlStrings_en-us_f875b392d11c67b190963158a14aea61.js",
          "es-ES": "ControlStrings_es-es_73b458e569d9d2df2e0567e66eef0e1d.js",
          "et-EE": "ControlStrings_et-ee_8be42ab278df48a02425154f9a70f835.js",
          "eu-ES": "ControlStrings_eu-es_559bde71110134741cdc873266a7fdae.js",
          "fi-FI": "ControlStrings_fi-fi_00d0dc0bf6abcc79b9e62e561acd87ea.js",
          "fr-CA": "ControlStrings_fr-ca_5209ef2f3a01f76b904e78aa2e3687e7.js",
          "fr-FR": "ControlStrings_fr-fr_98a882a993f5037199b71de26b14a563.js",
          "it-IT": "ControlStrings_it-it_f02ad8fcc5d45e41e1c2ee7f943885d4.js",
          "ja-JP": "ControlStrings_ja-jp_38f5d7d22c52a7dcf1311213625e2fc0.js",
          "lt-LT": "ControlStrings_lt-lt_adf5995169e04b7cb7900d9f1664c6d5.js",
          "lv-LV": "ControlStrings_lv-lv_fb09044ca46e9a93ea77b44766fa4173.js",
          "nb-NO": "ControlStrings_nb-no_0b81cfbe553963573fcd626b4d63bf54.js",
          "nl-NL": "ControlStrings_nl-nl_64120aac48a42064a23a8ca7a39ac1cb.js",
          "pl-PL": "ControlStrings_pl-pl_091a094332bba5b6c4793968491c55c3.js",
          "pt-BR": "ControlStrings_pt-br_261140ee889818c61c923e7023ce9215.js",
          "pt-PT": "ControlStrings_pt-pt_9e28edd0d65502975967770559436591.js",
          "ro-RO": "ControlStrings_ro-ro_e548856be74bbc8b73cb316480e161a6.js",
          "ru-RU": "ControlStrings_ru-ru_c433a79cd42f63575b2a3f81f1a9b90b.js",
          "sk-SK": "ControlStrings_sk-sk_8661fd4ee866044be951d1095ec949ae.js",
          "sr-Latn-RS": "ControlStrings_sr-latn-rs_c46e790f4b625abde5708da44c07b024.js",
          "sv-SE": "ControlStrings_sv-se_13a716319b5bc28454265822fcb05914.js",
          "tr-TR": "ControlStrings_tr-tr_b61ebc3c11bb43e2019b5e57d3a76667.js",
          "vi-VN": "ControlStrings_vi-vn_1de19b6292ab2cef6042eef3e4c05e6d.js",
          "zh-CN": "ControlStrings_zh-cn_81585209a44656762d58ef95a7e3d2f2.js",
          "zh-TW": "ControlStrings_zh-tw_dd4eb4cede8319ad2dd240764b4a11fe.js"
        },
        "defaultPath": "ControlStrings_en-us_f875b392d11c67b190963158a14aea61.js"
      },
      "@microsoft/sp-http": {
        "type": "component",
        "id": "c07208f0-ea3b-4c1a-9965-ac1b825211a6",
        "version": "1.19.0"
      },
      "@microsoft/sp-lodash-subset": {
        "type": "component",
        "id": "73e1dc6c-8441-42cc-ad47-4bd3659f8a3a",
        "version": "1.19.0"
      },
      "PropertyControlStrings": {
        "type": "localizedPath",
        "paths": {
          "ar-SA": "PropertyControlStrings_ar-sa_4099cfd31bffb6b008893b8af81d4e79.js",
          "bg-BG": "PropertyControlStrings_bg-bg_11556f72b00f89b934c2c406e7bae6d1.js",
          "ca-ES": "PropertyControlStrings_ca-es_d4975ed84011233967d3647520146ee1.js",
          "cs-CZ": "PropertyControlStrings_cs-cz_3e2d907eae89d34c1092e1740c692be8.js",
          "da-DK": "PropertyControlStrings_da-dk_46d1a7bee65562a9a2430545724db036.js",
          "de-DE": "PropertyControlStrings_de-de_ed437f42ec73133fa76836ee076c2bf0.js",
          "el-GR": "PropertyControlStrings_el-gr_6e80822d9c9d9117c8c946fe5588c7ac.js",
          "en-GB": "PropertyControlStrings_en-gb_4b33164c3d9f733b560ad7c45791f86b.js",
          "en-US": "PropertyControlStrings_en-us_78c14b607ac07180888cba239e27ebb4.js",
          "es-ES": "PropertyControlStrings_es-es_e5d71c4dda9cfa46e7548fd8536f2bd2.js",
          "et-EE": "PropertyControlStrings_et-ee_ae75c37124ea4cd6f43c071ce2ff4803.js",
          "fi-FI": "PropertyControlStrings_fi-fi_2f609be9168d85d5ade578285e68b415.js",
          "fr-FR": "PropertyControlStrings_fr-fr_2aa2c695bbb11c83d4b5f440347c3287.js",
          "it-IT": "PropertyControlStrings_it-it_b97c28bb8072172357e20b34340b8576.js",
          "ja-JP": "PropertyControlStrings_ja-jp_e869f247c2fc5cd51ce25736fc2c5dc3.js",
          "lt-LT": "PropertyControlStrings_lt-lt_90ef57140fd91197c3838fdd5f6e220e.js",
          "lv-LV": "PropertyControlStrings_lv-lv_e137dbda9edf9f9d395e7b8a3c0f643d.js",
          "nb-NO": "PropertyControlStrings_nb-no_4033e36383a00d3122e2ff6edfdf7ff7.js",
          "nl-NL": "PropertyControlStrings_nl-nl_cc0b35b835ffd5040ac56e491cb39490.js",
          "no": "PropertyControlStrings_no_97bb5be416e3748b00013cb73f9632c4.js",
          "pl-PL": "PropertyControlStrings_pl-pl_c8814266ff0b2f83f6a18f7ae649efb5.js",
          "pt-PT": "PropertyControlStrings_pt-pt_4249f19533cfcc102f330e16656db65f.js",
          "ro-RO": "PropertyControlStrings_ro-ro_f3fd704074cb08d6a73b0b4133629c2e.js",
          "ru-RU": "PropertyControlStrings_ru-ru_cf0f1700fb5153adafc00e9eb3362a03.js",
          "sk-SK": "PropertyControlStrings_sk-sk_c03e8bef72db1887f5518baf9be67123.js",
          "sr-Latn-RS": "PropertyControlStrings_sr-latn-rs_3ceac5b781858574753bb6d249c5f9ac.js",
          "sv-SE": "PropertyControlStrings_sv-se_7105ccf832f983e12acc3856e6172633.js",
          "tr-TR": "PropertyControlStrings_tr-tr_9793c9199b9714c93eef13e6d74ab995.js",
          "vi-VN": "PropertyControlStrings_vi-vn_9ddefbdef65a6ecb6772f8d552b12580.js",
          "zh-CN": "PropertyControlStrings_zh-cn_7558cf62f3f732ae3c2df11af61fa7c2.js",
          "zh-TW": "PropertyControlStrings_zh-tw_d537875a4aafc6202323e27f8714311e.js"
        },
        "defaultPath": "PropertyControlStrings_en-us_78c14b607ac07180888cba239e27ebb4.js"
      },
      "@microsoft/sp-page-context": {
        "type": "component",
        "id": "1c4541f7-5c31-41aa-9fa8-fbc9dc14c0a8",
        "version": "1.19.0"
      }
    }
  }
}